{
  "name": "Badge",
  "plural": "Badges",
  "base": "BaseModel",
  "idInjection": true,
  "options": {
    "validateUpsert": true,
    "postgresql": {
      "table": "badge"
    }
  },
  "properties": {
    "name": {
      "type": "string",
      "required": true,
      "postgresql": {
        "columnName": "name",
        "dataType": "text",
        "nullable": "NO"
      }
    },
    "localityId": {
      "type": "number",
      "required": false,
      "postgresql": {
        "columnName": "locality_id",
        "dataType": "bigint",
        "nullable": "YES"
      }
    },
    "imageId": {
      "type": "number",
      "required": false,
      "postgresql": {
        "columnName": "image_id",
        "dataType": "bigint",
        "nullable": "YES"
      }
    },
    "created": {
      "type": "string",
      "required": true,
      "default": "$now",
      "postgresql": {
        "columnName": "created",
        "dataType": "timestamp",
        "nullable": "NO"
      }
    },
    "points": {
      "type": "number",
      "required": false,
      "postgresql": {
        "columnName": "points",
        "dataType": "bigint",
        "nullable": "YES"
      }
    }
  },
  "validations": [],
  "relations": {
    "locality": {
      "type": "belongsTo",
      "model": "Area",
      "foreignKey": "localityId",
      "postgresql": {
        "columnName": "locality_id",
        "dataType": "bigint",
        "nullable": "YES"
      }
    },
    "image": {
      "type": "belongsTo",
      "model": "Image",
      "foreignKey": "imageId",
      "postgresql": {
        "columnName": "image_id",
        "dataType": "bigint",
        "nullable": "YES"
      }
    }
  },
  "acls": [
    {
      "accessType": "*",
      "principalType": "ROLE",
      "principalId": "superAdmin",
      "permission": "ALLOW"
    },
    {
      "accessType": "*",
      "principalType": "ROLE",
      "principalId": "apiKey",
      "permission": "ALLOW",
      "property": ["list", "detail"]
    },
    {
      "accessType": "*",
      "principalType": "ROLE",
      "principalId": "common",
      "permission": "ALLOW",
      "property": ["list", "detail"]
    }  
  ],
  "methods": {}
}
