{
  "name": "CollectionPoint",
  "plural": "collection-point",
  "base": "BaseModel",
  "idInjection": true,
  "options": {
    "validateUpsert": true,
    "postgresql": {
      "table": "collection_point"
    }
  },
  "properties": {
    "created": {
      "type": "string",
      "required": true,
      "default": "$now",
      "postgresql": {
        "dataType": "timestamp with time zone",
        "nullable": "NO"
      }
    },
    "reviewed": {
      "type": "string",
      "postgresql": {
        "dataType": "timestamp with time zone",
        "nullable": "NO"
      }
    },
    "userId": {
      "type": "number",
      "required": true,
      "postgresql": {
        "columnName": "user_id",
        "dataType": "bigint",
        "nullable": "NO"
      }
    },
    "deleted": {
      "type": "string",
      "postgresql": {
        "dataType": "timestamp with time zone",
        "nullable": "NO"
      }
    }
  },
  "validations": [],
  "relations": {
    "activities": {
      "type": "hasMany",
      "model": "CollectionPointActivity",
      "foreignKey": ""
    },
    "user": {
      "type": "belongsTo",
      "model": "User",
      "foreignKey": "userId",
      "postgresql": {
        "columnName": "user_id",
        "dataType": "bigint",
        "nullable": "NO"
      }
    },
    "events": {
      "type": "hasMany",
      "model": "Event",
      "foreignKey": "collectionPointId",
      "through": "CollectionPointHasEvent",
      "postgresql": {
        "columnName": "collection_point_id",
        "dataType": "bigint",
        "nullable": "NO"
      }
    }
  },
  "acls": [
    {
      "accessType": "EXECUTE",
      "principalType": "ROLE",
      "principalId": "apiKey",
      "permission": "ALLOW",
      "property": ["getCollectionPoint", "list", "listCount", "zoomPoints"]
    },
    {
      "accessType": "EXECUTE",
      "principalType": "ROLE",
      "principalId": "common",
      "permission": "ALLOW",
      "property": ["getCollectionPoint", "list", "listCount", "zoomPoints", "reportCollectionPoint", "updateCollectionPoint", "deleteCollectionPoint", "deleteActivity", "deleteActivityImage"]
    },
    {
      "accessType": "*",
      "principalType": "ROLE",
      "principalId": "superAdmin",
      "permission": "ALLOW"
    }
  ],
  "methods": {}
}
