{
  "name": "EventHasImage",
  "base": "BaseModel",
  "idInjection": false,
  "options": {
    "validateUpsert": true,
    "postgresql": {
      "table": "event_has_image"
    }
  },
  "properties": {
    "eventId": {
      "type": "number",
      "required": true,
      "postgresql": {
        "columnName": "event_id",
        "dataType": "bigint",
        "nullable": "NO"
      }
    },
    "imageId": {
      "type": "number",
      "required": true,
      "postgresql": {
        "columnName": "image_id",
        "dataType": "bigint",
        "nullable": "NO"
      }
    }
  },
  "validations": [],
  "relations": {
    "PRContent": {
      "type": "belongsTo",
      "model": "Event",
      "foreignKey": "eventId",
      "postgresql": {
        "columnName": "event_id",
        "dataType": "bigint",
        "nullable": "NO"
      }
    },
    "imageKeys": {
      "type": "belongsTo",
      "model": "Image",
      "foreignKey": "imageId",
      "postgresql": {
        "columnName": "image_id",
        "dataType": "bigint",
        "nullable": "NO"
      }
    }
  },
  "acls": [],
  "methods": {}
}
