{
  "name": "OrganizationRole",
  "plural": "OrganizationRole",
  "base": "BaseModel",
  "idInjection": true,
  "options": {
    "validateUpsert": true,
    "postgresql": {
      "table": "organization_role"
    }
  },
  "properties": {
    "name": {
      "type": "string",
      "required": true,
      "postgresql": {
        "columnName": "name",
        "dataType": "text",
        "nullable": "NO"
      }
    }
  },
  "validations": [],
  "relations": {
    "userHasOrganization": {
      "type": "hasMany",
      "model": "UserHasOrganization"
    }
  },
  "acls": [
    {
      "accessType": "*",
      "principalType": "ROLE",
      "principalId": "superAdmin",
      "permission": "ALLOW"
    },
    {
      "accessType": "*",
      "principalType": "ROLE",
      "principalId": "apiKey",
      "permission": "ALLOW",
      "property": ["findById", "find"]
    },
    {
      "accessType": "*",
      "principalType": "ROLE",
      "principalId": "common",
      "permission": "ALLOW",
      "property": ["findById", "find"]
    }
  ],
  "methods": {}
}
