{
  "name": "TrashPointType",
  "base": "BaseModel",
  "idInjection": true,
  "options": {
    "validateUpsert": true,
    "postgresql": {
      "table": "trash_point_type"
    }
  },
  "properties": {
    "name": {
      "type": "string",
      "required": true
    }
  },
  "validations": [],
  "relations": {
    "activities": {
      "type": "hasAndBelongsToMany",
      "model": "TrashPointActivity",
      "foreignKey": "trashPointActivityId",
      "through": "TrashPointActivityHasTrashPointType"
    }
  },
  "acls": [],
  "methods": {}
}
